Daily update - Mon Oct 27 15:13:22 UTC 2025
Workflow run #1
---
Daily update - Tue Oct 28 14:47:37 UTC 2025
Workflow run #2
---
Daily update - Wed Oct 29 14:47:47 UTC 2025
Workflow run #3
---
Daily update - Thu Oct 30 14:46:56 UTC 2025
Workflow run #4
---
Daily update - Fri Oct 31 14:45:40 UTC 2025
Workflow run #5
---
Daily update - Sat Nov  1 14:40:55 UTC 2025
Workflow run #6
---
Daily update - Sun Nov  2 14:40:51 UTC 2025
Workflow run #7
---
Daily update - Mon Nov  3 14:46:24 UTC 2025
Workflow run #8
---
Daily update - Tue Nov  4 14:47:46 UTC 2025
Workflow run #9
---
Daily update - Wed Nov  5 14:47:26 UTC 2025
Workflow run #10
---
Daily update - Thu Nov  6 14:46:43 UTC 2025
Workflow run #11
---
Daily update - Fri Nov  7 14:44:47 UTC 2025
Workflow run #12
---
Daily update - Sat Nov  8 14:40:57 UTC 2025
Workflow run #13
---
